Name,Stat,logCPM,T,PValue,FDR
Y48E1B.14,0.079845099,8.44739526,0.399259059,0.698867469,0.828160378
"T01G9.2, T01G9.3",NA,NA,NA,NA,NA
F56B3.11,NA,NA,NA,NA,NA
vit-4,-0.218517956,2.485603431,-1.531735165,0.159423585,0.290708156
NA,NA,NA,NA,NA,NA
col-160,0.377304853,13.67242793,2.228052411,0.052414854,0.12171839
NA,NA,NA,NA,NA,NA
cyp-23A1,-0.139612574,2.359190641,-1.346637409,0.2105253,0.35524555
NA,NA,NA,NA,NA,NA
ntl-2,0.066497339,9.743220917,0.725518519,0.486287607,0.645444341
vap-1,NA,NA,NA,NA,NA
NA,NA,NA,NA,NA,NA
lin-9,NA,NA,NA,NA,NA
F23F12.9,0.129059476,7.713936937,0.240780228,0.815037784,0.915524886
tag-174,NA,NA,NA,NA,NA
col-147,NA,NA,NA,NA,NA
sex-1,-0.513245497,6.486371039,-2.787139171,0.020844222,0.058789233
T12G3.1,2.118947613,11.17033352,14.29494735,1.45E-07,7.64E-06
unc-44,NA,NA,NA,NA,NA
K03C7.1,0.469727272,10.18605525,3.36868189,0.008090714,0.027605787
clh-1,NA,NA,NA,NA,NA
C44B12.5,-0.00019981,5.109710226,-0.004964307,0.9961457,1
skr-8,2.55640527,6.07104184,3.491916308,0.006646701,0.023627077
cpg-8,NA,NA,NA,NA,NA
F54D12.4,NA,NA,NA,NA,NA
ptr-11,0.918229197,5.294209497,3.309840889,0.008892045,0.029678706
F15G9.1,0.140357293,8.959030065,0.291468487,0.777197464,0.88865985
F22E5.8,NA,NA,NA,NA,NA
NA,NA,NA,NA,NA,NA
W05H7.1,-0.092010933,6.863614604,-1.335987704,0.213850264,0.35912106
NA,NA,NA,NA,NA,NA
C38D4.1,-0.054313992,5.270819268,-0.696031065,0.503716202,0.661433296
C18C4.5,0.202869568,8.968698251,0.732579723,0.482171267,0.641924962
pek-1,NA,NA,NA,NA,NA
Y15E3A.4,NA,NA,NA,NA,NA
hpl-2,NA,NA,NA,NA,NA
col-94,0.203016818,14.80907316,1.598386681,0.143892134,0.269427423
hpl-2,NA,NA,NA,NA,NA
F49E2.5,NA,NA,NA,NA,NA
K08F4.1,-0.344573512,9.108179752,-3.488219206,0.006685855,0.023746118
F56D2.6,NA,NA,NA,NA,NA
rsp-5,-1.964812761,9.117646979,-22.33367914,2.73E-09,1.01E-06
Y39B6A.16,-0.171734071,4.212991212,-1.254863988,0.24065329,0.390618876
Y119D3B.13,NA,NA,NA,NA,NA
clh-1,NA,NA,NA,NA,NA
ksr-2,0.667976279,5.750289947,4.094322009,0.002611049,0.01111331
F29G6.3,NA,NA,NA,NA,NA
NA,NA,NA,NA,NA,NA
col-144,NA,NA,NA,NA,NA
F23F12.12,4.404324872,8.759803331,5.9444327,0.000203637,0.001437487
col-93,0.170061476,15.026994,1.084328623,0.30598147,0.465638468
NA,NA,NA,NA,NA,NA
Y17G7B.2,NA,NA,NA,NA,NA
ftt-2,NA,NA,NA,NA,NA
W02B8.2,NA,NA,NA,NA,NA
ZK596.1,NA,NA,NA,NA,NA
cej-1,NA,NA,NA,NA,NA
F18A1.6,NA,NA,NA,NA,NA
Y39G8B.1,NA,NA,NA,NA,NA
Y37E3.13,0.277997872,7.003406369,1.673550365,0.128015994,0.245820985
NA,NA,NA,NA,NA,NA
tag-210,NA,NA,NA,NA,NA
C17G1.7,NA,NA,NA,NA,NA
NA,NA,NA,NA,NA,NA
cyn-7,NA,NA,NA,NA,NA
"C37C3.1, C37C3.2",NA,NA,NA,NA,NA
rpl-33,NA,NA,NA,NA,NA
sto-4,NA,NA,NA,NA,NA
ctn-1,NA,NA,NA,NA,NA
eft-3,NA,NA,NA,NA,NA
Y46B2A.1,NA,NA,NA,NA,NA
NA,NA,NA,NA,NA,NA
tni-3,NA,NA,NA,NA,NA
mec-7,NA,NA,NA,NA,NA
W05H7.4,NA,NA,NA,NA,NA
R12E2.14,NA,NA,NA,NA,NA
C02E7.6,NA,NA,NA,NA,NA
rpl-1,NA,NA,NA,NA,NA
rpl-18,-0.199414232,13.78353715,-3.081362549,0.012871253,0.039967958
F36A2.7,NA,NA,NA,NA,NA
rpl-19,-0.078215816,14.41708203,-1.109972567,0.295348259,0.454240203
NA,NA,NA,NA,NA,NA
Y75B8A.24,-0.437053217,8.483691646,-1.669490889,0.128831167,0.246731799
met-2,NA,NA,NA,NA,NA
Y22D7AL.10,NA,NA,NA,NA,NA
hil-3,0.578234234,11.36118584,2.696284749,0.024211446,0.066132328
rsp-1,NA,NA,NA,NA,NA
C02E7.7,NA,NA,NA,NA,NA
F11C1.5,NA,NA,NA,NA,NA
F55A3.3,-0.466421099,11.78463001,-4.730785645,0.001027146,0.005211583
NA,NA,NA,NA,NA,NA
K01D12.15,NA,NA,NA,NA,NA
oga-1,NA,NA,NA,NA,NA
let-721,NA,NA,NA,NA,NA
tba-2,NA,NA,NA,NA,NA
opt-1,NA,NA,NA,NA,NA
K02F3.10,NA,NA,NA,NA,NA
Y38F2AR.9,NA,NA,NA,NA,NA
NA,NA,NA,NA,NA,NA
sap-49,NA,NA,NA,NA,NA
T05D4.1,NA,NA,NA,NA,NA
NA,NA,NA,NA,NA,NA
gpd-4,NA,NA,NA,NA,NA
W03F9.10,NA,NA,NA,NA,NA
ftn-2,NA,NA,NA,NA,NA
R11F4.1,NA,NA,NA,NA,NA
NA,NA,NA,NA,NA,NA
ccg-1,NA,NA,NA,NA,NA
NA,NA,NA,NA,NA,NA
fbp-1,NA,NA,NA,NA,NA
Y48E1B.3,-0.51278092,8.7026409,-4.78414557,0.000952394,0.004899529
Y54G2A.18,NA,NA,NA,NA,NA
Y48B6A.12,-0.399552929,10.89230905,-1.622684279,0.138575915,0.261608855
C01G6.3,NA,NA,NA,NA,NA
ZC8.6,NA,NA,NA,NA,NA
rsp-2,NA,NA,NA,NA,NA
R04F11.2,NA,NA,NA,NA,NA
W10D5.2,NA,NA,NA,NA,NA
age-1,NA,NA,NA,NA,NA
ztf-3,NA,NA,NA,NA,NA
ifc-2,NA,NA,NA,NA,NA
hlh-11,NA,NA,NA,NA,NA
alx-1,0.316562971,8.457815643,1.469097552,0.175352722,0.311253451
NA,NA,NA,NA,NA,NA
Y94H6A.3,-0.33407837,6.757732662,-3.541343784,0.006145664,0.022146583
sdn-1,NA,NA,NA,NA,NA
Y48G9A.1,NA,NA,NA,NA,NA
NA,NA,NA,NA,NA,NA
tdc-1,NA,NA,NA,NA,NA
flp-15,NA,NA,NA,NA,NA
nuo-4,NA,NA,NA,NA,NA
Y42H9AR.1,-0.807850321,7.155280372,-4.723357567,0.001038041,0.005253819
srp-3,0.904622564,4.601120412,2.066017573,0.068321767,0.149809831
F29G6.3,0.01132822,11.46546846,0.055201483,0.957165369,1
pqn-39,NA,NA,NA,NA,NA
NA,NA,NA,NA,NA,NA
mlc-2,NA,NA,NA,NA,NA
T28D9.7,-0.279253354,4.848705169,-1.928702613,0.085342717,0.178970543
rfc-2,NA,NA,NA,NA,NA
T05H10.6,NA,NA,NA,NA,NA
hum-1,NA,NA,NA,NA,NA
NA,NA,NA,NA,NA,NA
R08E3.1,NA,NA,NA,NA,NA
NA,NA,NA,NA,NA,NA
ers-1,NA,NA,NA,NA,NA
pmt-1,NA,NA,NA,NA,NA
F15C11.2,NA,NA,NA,NA,NA
msp-50,0.106238617,2.793878448,0.412540234,0.68944885,0.821661944
Y71G12B.11,NA,NA,NA,NA,NA
NA,NA,NA,NA,NA,NA
crn-3,NA,NA,NA,NA,NA
rsr-1,-1.767615251,8.18370652,-6.091845585,0.000169626,0.001254535
Y66D12A.8,-0.027864407,8.20130926,-0.178046799,0.862568552,0.94910575
NA,NA,NA,NA,NA,NA
NA,NA,NA,NA,NA,NA
Y37E11AL.3,NA,NA,NA,NA,NA
NA,NA,NA,NA,NA,NA
ida-1,NA,NA,NA,NA,NA
NA,NA,NA,NA,NA,NA
H17B01.4,-1.18457384,9.439253867,-5.875415456,0.000222046,0.001544986
nspd-3,-0.094441998,4.266504669,-1.172856918,0.270502034,0.426674454
eat-6,NA,NA,NA,NA,NA
uba-1,-0.723986795,9.833579317,-2.682188471,0.024781133,0.067308963
K02F6.7,NA,NA,NA,NA,NA
NA,NA,NA,NA,NA,NA
tag-319,-0.006251702,2.362165651,-0.136240236,0.894583943,0.969788233
cpl-1,NA,NA,NA,NA,NA
ttm-1,NA,NA,NA,NA,NA
Y37D8A.21,-1.125239746,6.15712721,-4.81376348,0.000913439,0.004728148
K04C2.2,NA,NA,NA,NA,NA
klp-4,NA,NA,NA,NA,NA
NA,NA,NA,NA,NA,NA
gln-1,-0.029281312,8.611353928,-0.071226362,0.944751244,0.997092033
mcm-3,-1.568758494,8.706736795,-9.611493844,4.43E-06,8.01E-05
rhgf-2,0.324335903,7.289384815,1.355182577,0.207889123,0.351741346
NA,NA,NA,NA,NA,NA
F44D12.3,NA,NA,NA,NA,NA
C14B9.2,NA,NA,NA,NA,NA
NA,NA,NA,NA,NA,NA
rpa-1,NA,NA,NA,NA,NA
B0511.6,0.318153564,11.02370292,1.525109289,0.161046055,0.292859713
haf-4,NA,NA,NA,NA,NA
NA,NA,NA,NA,NA,NA
NA,NA,NA,NA,NA,NA
NA,NA,NA,NA,NA,NA
K10D6.2,-0.210017784,10.14808634,-1.38805281,0.198008544,0.339593701
K10C8.3,NA,NA,NA,NA,NA
NA,NA,NA,NA,NA,NA
B0491.5,NA,NA,NA,NA,NA
ril-2,NA,NA,NA,NA,NA
aqp-2,0.178749307,13.69739079,1.435219099,0.184534621,0.322512342
F53F4.11,NA,NA,NA,NA,NA
cht-1,NA,NA,NA,NA,NA
Y119D3B.13,NA,NA,NA,NA,NA
F36F12.1,NA,NA,NA,NA,NA
NA,NA,NA,NA,NA,NA
NA,NA,NA,NA,NA,NA
Y69A2AR.18,NA,NA,NA,NA,NA
Y17G7B.10,0.641967231,8.397145183,2.772797826,0.02134238,0.059852474
F37C4.5,NA,NA,NA,NA,NA
NA,NA,NA,NA,NA,NA
hil-7,1.952277619,11.36457683,8.329528442,1.45E-05,0.000188956
T10B5.5,-1.120716688,9.551816352,-7.068778475,5.41E-05,0.00051202
Y38F1A.6,NA,NA,NA,NA,NA
unc-87,NA,NA,NA,NA,NA
C46H3.2,-0.228096677,6.650547286,-1.366872235,0.204328271,0.347287509
dhs-28,NA,NA,NA,NA,NA
tag-174,NA,NA,NA,NA,NA
F09E8.2,NA,NA,NA,NA,NA
C18E3.2,-0.71538666,8.165820636,-3.696974824,0.004810821,0.018120567
rsd-2,NA,NA,NA,NA,NA
C27H6.8,NA,NA,NA,NA,NA
F09C8.1,-0.982308021,7.024951964,-2.783865813,0.020956876,0.05904125
Y37E3.11,0.261668971,9.425735449,1.317247736,0.219808639,0.36585306
NA,NA,NA,NA,NA,NA
D1044.2,-0.143778552,3.776379965,-0.211630332,0.83703755,0.931059179
F23H12.2,-1.977731446,9.855023435,-19.22922103,1.05E-08,2.05E-06
htz-1,NA,NA,NA,NA,NA
crt-1,NA,NA,NA,NA,NA
T07A9.10,-0.007151104,8.469591316,-0.047358604,0.963245736,1
rpl-31,NA,NA,NA,NA,NA
F44E5.5,-1.156421838,8.397991946,-1.261976331,0.238197048,0.387733232
rnp-6,NA,NA,NA,NA,NA
NA,NA,NA,NA,NA,NA
NA,NA,NA,NA,NA,NA
mlt-10,NA,NA,NA,NA,NA
clic-1,NA,NA,NA,NA,NA
cyb-1,-0.221619525,6.54654948,-0.882614479,0.400053957,0.56146557
tba-2,-1.346289342,12.62918744,-9.291012626,5.89E-06,9.68E-05
Y39A1A.24,NA,NA,NA,NA,NA
NA,NA,NA,NA,NA,NA
pqn-83,NA,NA,NA,NA,NA
NA,NA,NA,NA,NA,NA
ran-1,NA,NA,NA,NA,NA
rps-11,NA,NA,NA,NA,NA
NA,NA,NA,NA,NA,NA
NA,NA,NA,NA,NA,NA
rpl-38,NA,NA,NA,NA,NA
NA,NA,NA,NA,NA,NA
rps-18,NA,NA,NA,NA,NA
his-72,NA,NA,NA,NA,NA
gdi-1,0.056848943,11.37572702,0.526681012,0.610952022,0.754867833
hsf-1,-0.020516852,5.99448265,-0.160554811,0.875935376,0.957876074
cct-6,NA,NA,NA,NA,NA
T20B12.7,NA,NA,NA,NA,NA
tag-349,NA,NA,NA,NA,NA
calu-1,NA,NA,NA,NA,NA
C27H2.2,NA,NA,NA,NA,NA
dnj-19,NA,NA,NA,NA,NA
ZK669.4,NA,NA,NA,NA,NA
H39E23.3,0.51671502,2.424648498,1.381971937,0.199805603,0.341514191
NA,NA,NA,NA,NA,NA
klp-20,0.518053337,6.80208502,4.029829525,0.002879156,0.0119787
NA,NA,NA,NA,NA,NA
dnj-8,0.074013223,8.454609805,0.440684312,0.669676787,0.804341444
rsp-3,NA,NA,NA,NA,NA
rps-20,NA,NA,NA,NA,NA
rps-20,-0.252876612,11.97743255,-2.509614271,0.032952542,0.08483053
NA,NA,NA,NA,NA,NA
T19H12.2,NA,NA,NA,NA,NA
tag-76,NA,NA,NA,NA,NA
NA,NA,NA,NA,NA,NA
flp-1,0.630709588,10.76021968,1.914652054,0.087295144,0.181926379
Y51A2D.8,NA,NA,NA,NA,NA
NA,NA,NA,NA,NA,NA
NA,NA,NA,NA,NA,NA
fip-2,0.651979685,11.23419431,1.31448128,0.220699941,0.366947944
W08F4.3,-1.460425877,10.6272585,-7.200733441,4.68E-05,0.000459332
NA,NA,NA,NA,NA,NA
puf-12,NA,NA,NA,NA,NA
dpy-27,NA,NA,NA,NA,NA
Y39A3CL.4,NA,NA,NA,NA,NA
Y38E10A.6,NA,NA,NA,NA,NA
NA,NA,NA,NA,NA,NA
rps-22,NA,NA,NA,NA,NA
lit-1,-0.307568209,5.946661283,-0.738921793,0.478493114,0.638751423
egl-15,-0.138488723,8.203109397,-0.728724239,0.484416074,0.643822759
lev-11,NA,NA,NA,NA,NA
unc-13,NA,NA,NA,NA,NA
clh-1,0.363288382,8.638283089,1.188142665,0.264722157,0.419822361
swp-1,-1.456169521,8.514749094,-4.86135523,0.000854382,0.00449462
lev-11,0.196868952,13.01882894,1.512772023,0.164105946,0.296921004
lec-7,NA,NA,NA,NA,NA
lec-7,NA,NA,NA,NA,NA
unc-87,0.660712726,12.51695627,2.48429957,0.034359605,0.087412813
sur-2,-0.141122122,8.260728182,-0.453965299,0.660437608,0.796898469
bli-4,0.036244201,8.832853157,0.361528479,0.725917948,0.849336159
pab-1,NA,NA,NA,NA,NA
NA,NA,NA,NA,NA,NA
Y56A3A.18,NA,NA,NA,NA,NA
cap-1,-0.036307362,11.57556085,-0.309406821,0.763947093,0.87832497
H28G03.2,-0.149920965,9.271381075,-0.923942138,0.379254122,0.540998647
NA,NA,NA,NA,NA,NA
"byn-1, F57B9.8",NA,NA,NA,NA,NA
cdc-48.2,NA,NA,NA,NA,NA
Y82E9BR.17,0.89098282,4.063297564,2.906141832,0.017140876,0.050212543
sup-17,-0.225663546,8.635434893,-1.258143363,0.239518177,0.389278961
dnj-25,-0.323358248,8.519894395,-1.437889304,0.183796086,0.321642311
unc-112,-0.61633804,9.881626232,-2.804315329,0.020263102,0.057496722
lin-9,-0.570016974,7.713021047,-2.907850704,0.017092888,0.050117292
lin-36,-0.064379121,6.5287562,-0.891893716,0.395314964,0.556955837
gly-5,-0.441011304,8.058560173,-2.472871985,0.035014246,0.088777127
Y73E7A.6,-0.933923818,7.84356142,-10.58590887,1.96E-06,4.41E-05
klp-11,0.205867357,8.388589573,0.44398069,0.667378047,0.802346929
clh-1,NA,NA,NA,NA,NA
nrf-6,NA,NA,NA,NA,NA
vap-1,NA,NA,NA,NA,NA
csp-2,0.557167702,5.079030825,1.603162229,0.142833031,0.268071338
unc-11,-0.107066519,4.190925424,-0.647372045,0.533305937,0.687295566
unc-11,NA,NA,NA,NA,NA
csp-3,0.281148651,6.274598461,1.140951449,0.282891812,0.440252352
etr-1,0.016182726,9.779414785,0.227492669,0.825046176,0.922727768
rnt-1,0.342223358,7.228012097,2.026102925,0.07290288,0.157849756
daf-2,NA,NA,NA,NA,NA
nhr-59,2.018526729,7.021586181,11.12560478,1.28E-06,3.32E-05
nhr-50,0.869836134,6.728214079,2.807503287,0.020157068,0.057273405
ars-1,-1.027045952,6.766504652,-2.872009599,0.018128712,0.05259167
cha-1,NA,NA,NA,NA,NA
unc-17,0.05594294,9.078867722,0.221625974,0.829475807,0.925523772
cst-1,NA,NA,NA,NA,NA
mom-4,0.379910312,7.390953793,1.727255585,0.11766497,0.230149607
ser-1,NA,NA,NA,NA,NA
atl-1,NA,NA,NA,NA,NA
lec-2,1.258567507,12.58169909,8.017460135,1.98E-05,0.000240179
emb-30,-0.399180799,7.7858779,-2.005412137,0.075391756,0.162228401
hil-7,NA,NA,NA,NA,NA
hgo-1,-0.136306776,11.27256887,-1.027217086,0.330725057,0.491339494
kap-1,0.43047999,5.963105881,2.634105635,0.026828052,0.071813733
clh-5,-0.668177337,9.230779184,-3.798237156,0.00410888,0.015999055
Y73B3A.10,-0.166593128,2.386472131,-1.43229807,0.18534547,0.323524725
Y73B3A.9,-0.018873101,5.089842171,-0.375021854,0.716195525,0.842192886
Y73B3A.11,-0.002928918,5.872312722,-0.009322966,0.99276171,1
K06C4.15,NA,NA,NA,NA,NA
NA,NA,NA,NA,NA,NA
NA,NA,NA,NA,NA,NA
"his-19, his-20",NA,NA,NA,NA,NA
abu-4,0,2.227517832,0,1,1
aha-1,0.37549672,9.09163817,4.200769786,0.002224841,0.009811618
unc-43,NA,NA,NA,NA,NA
gar-1,NA,NA,NA,NA,NA
gar-1,0.232125233,7.096058275,0.588035738,0.570744979,0.720045818
unc-49,0.354444696,9.429253194,1.561824032,0.152236464,0.280696446
twk-17,0.452431415,4.487673802,1.834087787,0.099325323,0.200936007
oat-1,-1.593454849,8.585079641,-3.86974563,0.00367875,0.014614413
rde-1,0.071369073,9.020010313,0.284038929,0.782708001,0.892348893
tufm-1,-1.555041687,10.22835629,-12.7472823,3.96E-07,1.49E-05
glr-1,-0.102449353,7.130790277,-0.365741878,0.722876395,0.847354551
ttx-3,0.25691239,6.074792738,2.400999171,0.039425304,0.097385923
cdk-7,-0.155826862,7.272966763,-0.914996551,0.383689298,0.545530424
cpr-3,0.182713482,8.104521015,0.230621969,0.822686063,0.921317526
K06A9.1,NA,NA,NA,NA,NA
NA,NA,NA,NA,NA,NA
dnj-5,0.223809252,8.493972043,2.250497532,0.050517343,0.118124336
NA,NA,NA,NA,NA,NA
Y69A2AR.8,NA,NA,NA,NA,NA
NA,NA,NA,NA,NA,NA
Y69A2AR.28,-0.996351165,8.2754231,-6.271588539,0.000136265,0.001057567
NA,NA,NA,NA,NA,NA
NA,NA,NA,NA,NA,NA
Y105E8B.6,-1.221190207,4.988681649,-7.463001668,3.52E-05,0.000368909
NA,NA,NA,NA,NA,NA
Y50D4A.3,-0.079312934,3.220224686,-0.929947118,0.376297661,0.538124487
Y41D4B.4,NA,NA,NA,NA,NA
rps-28,-0.273272171,14.0588902,-2.559625605,0.030339653,0.079174027
C39F7.2,NA,NA,NA,NA,NA
NA,NA,NA,NA,NA,NA
fip-3,-0.107103256,2.208464518,-2.012000844,0.07459054,0.160816383
D2007.3,NA,NA,NA,NA,NA
Y73B3B.3,NA,NA,NA,NA,NA
gst-40,NA,NA,NA,NA,NA
NA,NA,NA,NA,NA,NA
NA,NA,NA,NA,NA,NA
NA,NA,NA,NA,NA,NA
Y54B9A.1,1.391758759,7.898038335,1.903987147,0.088805133,0.184309497
NA,NA,NA,NA,NA,NA
NA,NA,NA,NA,NA,NA
fipr-16,0,2.185631101,0,1,1
Y22D7AL.1,NA,NA,NA,NA,NA
Y47D7A.2,NA,NA,NA,NA,NA
"Y22D7AL.2, Y22D7AL.12",NA,NA,NA,NA,NA
mlc-2,0.352526484,14.33971029,5.160853512,0.000565251,0.003209984
ptl-1,0.548565154,8.756197069,2.622672766,0.027339312,0.072955812
NA,NA,NA,NA,NA,NA
ttb-1,-0.239878225,8.200184093,-1.196046355,0.26177287,0.417038811
Y69A2AR.27,-0.066267588,4.954088315,-0.661779037,0.524438682,0.679209677
NA,NA,NA,NA,NA,NA
Y54F10AM.7,NA,NA,NA,NA,NA
Y54F10AM.7,1.394739631,7.906158965,1.914413044,0.087328717,0.181966186
Y39G10AR.17,NA,NA,NA,NA,NA
tpxl-1,-1.358535453,5.810146628,-7.45836422,3.54E-05,0.000370432
Y39G10AR.18,NA,NA,NA,NA,NA
NA,NA,NA,NA,NA,NA
Y47D7A.10,NA,NA,NA,NA,NA
Y59H11AM.1,-0.033298182,2.309640312,-0.598377303,0.564115268,0.714477706
NA,NA,NA,NA,NA,NA
F54H12.4,0.064786255,2.36650119,1.120800741,0.290946171,0.449393883
Y105E8B.3,NA,NA,NA,NA,NA
Y38F2AR.12,NA,NA,NA,NA,NA
Y57E12B.1,NA,NA,NA,NA,NA
Y57E12B.2,-0.01103363,6.574468704,-0.046902313,0.963599567,1
NA,NA,NA,NA,NA,NA
Y47D7A.7,-0.246063947,2.264788849,-2.204954914,0.054440067,0.125499627
unc-33,NA,NA,NA,NA,NA
unc-44,NA,NA,NA,NA,NA
Y65B4A.3,0.410093649,8.712175716,2.366918239,0.041705239,0.101837244
par-2,NA,NA,NA,NA,NA
gei-4,0.922804247,8.779359839,5.075307128,0.000635206,0.003535388
ptl-1,NA,NA,NA,NA,NA
Y48G9A.1,NA,NA,NA,NA,NA
apg-1,NA,NA,NA,NA,NA
NA,NA,NA,NA,NA,NA
Y73E7A.1,NA,NA,NA,NA,NA
Y24D9A.7,NA,NA,NA,NA,NA
vit-3,NA,NA,NA,NA,NA
vit-4,NA,NA,NA,NA,NA
Y5H2A.4,NA,NA,NA,NA,NA
NA,NA,NA,NA,NA,NA
Y111B2A.10,NA,NA,NA,NA,NA
F52C6.12,0.298972122,9.5137137,1.985314099,0.077886721,0.166684212
Y46H3D.1,NA,NA,NA,NA,NA
Y10G11A.3,1.064428701,6.068784055,4.31724904,0.0018708,0.008506896
NA,NA,NA,NA,NA,NA
R05D3.5,-0.003132839,2.184134431,-0.078323542,0.939258022,0.994119079
NA,NA,NA,NA,NA,NA
cst-1,0.053654444,8.869317197,0.412889634,0.689201816,0.821514452
Y66A7A.3,NA,NA,NA,NA,NA
R05D3.5,NA,NA,NA,NA,NA
M116.5,0.475801557,5.083419788,1.62490736,0.138098445,0.260864146
Y54F10AM.7,NA,NA,NA,NA,NA
unc-11,NA,NA,NA,NA,NA
unc-11,NA,NA,NA,NA,NA
unc-11,NA,NA,NA,NA,NA
unc-11,NA,NA,NA,NA,NA
unc-44,0.363694051,11.35766849,2.486595463,0.034229561,0.087189682
NA,NA,NA,NA,NA,NA
NA,NA,NA,NA,NA,NA
NA,NA,NA,NA,NA,NA
Y67D8C.2,NA,NA,NA,NA,NA
Y67D8C.1,NA,NA,NA,NA,NA
fip-5,-0.97455132,9.082816491,-1.334827613,0.214215122,0.359445713
NA,NA,NA,NA,NA,NA
F37D6.4,0.010003593,2.184448075,0.254127666,0.805019766,0.908863271
F16D3.6,NA,NA,NA,NA,NA
C06C6.8,0.099233008,2.257212816,1.657118637,0.131344751,0.250363487
C06C6.9,0.313959069,2.543260985,1.256789677,0.239986202,0.389787691
F21D9.3,NA,NA,NA,NA,NA
AH10.4,0.000155329,2.218387607,0.003555414,0.997239562,1
NA,NA,NA,NA,NA,NA
M162.6,NA,NA,NA,NA,NA
NA,NA,NA,NA,NA,NA
NA,NA,NA,NA,NA,NA
srg-50,0.08397297,2.532640833,0.377756063,0.714231917,0.840827518
NA,NA,NA,NA,NA,NA
"Y73B6BL.1, Y73B6BL.28",NA,NA,NA,NA,NA
NA,NA,NA,NA,NA,NA
NA,NA,NA,NA,NA,NA
Y61A9LA.10,NA,NA,NA,NA,NA
Y71H2AL.1,NA,NA,NA,NA,NA
Y53G8AM.2,NA,NA,NA,NA,NA
NA,NA,NA,NA,NA,NA
grd-16,NA,NA,NA,NA,NA
Y48G1BL.4,NA,NA,NA,NA,NA
Y48G1BL.6,NA,NA,NA,NA,NA
H17B01.1,NA,NA,NA,NA,NA
Y46C8AL.2,0.017911534,7.644371763,0.014427792,0.988798607,1
Y46C8AL.2,NA,NA,NA,NA,NA
NA,NA,NA,NA,NA,NA
Y54G2A.26,NA,NA,NA,NA,NA
M04C9.2,NA,NA,NA,NA,NA
F46A8.7,1.33069498,7.597991883,4.26393238,0.00202478,0.009069314
F59F4.2,0.996666292,10.92924628,4.93351016,0.000772528,0.004147308
ZK1025.4,NA,NA,NA,NA,NA
F44F1.2,NA,NA,NA,NA,NA
T12D8.5,5.693929307,6.922899462,14.44864817,1.32E-07,7.35E-06
ZK262.4,NA,NA,NA,NA,NA
NA,NA,NA,NA,NA,NA
col-65,0.684381433,6.702825673,2.169840855,0.05766554,0.131203192
col-94,NA,NA,NA,NA,NA
col-66,0.112531145,7.43536521,1.259843353,0.238931488,0.388626857
K03B8.4,-0.570628215,5.200719419,-2.849173768,0.018821861,0.05411554
C28D4.5,0.009718707,2.233694202,0.239064037,0.816328501,0.916647159
ZC376.8,NA,NA,NA,NA,NA
F11F1.5,NA,NA,NA,NA,NA
Y41E3.8,0.376732087,8.448842656,1.861273341,0.095102279,0.194230557
T22H2.4,-0.567168446,6.644823182,-4.300230352,0.001918549,0.008680072
C29F7.7,NA,NA,NA,NA,NA
W05H5.2,-0.01007883,2.269477504,-0.250991006,0.807370717,0.91020656
T06E4.9,0.051602596,2.334289692,0.726569954,0.485673264,0.644812033
C28D4.8,NA,NA,NA,NA,NA
col-93,NA,NA,NA,NA,NA
NA,NA,NA,NA,NA,NA
F49C5.3,1.498666515,4.121875746,3.820854982,0.003967368,0.01559291
NA,NA,NA,NA,NA,NA
C27C7.1,-0.203680108,3.628533747,-1.115760984,0.292988576,0.451550058
flp-15,0.667206676,10.89711373,3.262851757,0.009591001,0.031567449
Y7A5A.5,-0.011973623,2.235031385,-0.302388894,0.769121612,0.881831664
R160.2,NA,NA,NA,NA,NA
fipr-14,NA,NA,NA,NA,NA
dod-6,0.68820789,12.76757212,3.400717245,0.007686395,0.026533289
F11A5.6,NA,NA,NA,NA,NA
fipr-23,2.274255985,5.407223308,3.297492229,0.009070446,0.030186003
NA,NA,NA,NA,NA,NA
cel-1,NA,NA,NA,NA,NA
W02D9.5,-0.027477611,2.208806657,-0.632580817,0.542501391,0.695510348
NA,NA,NA,NA,NA,NA
W09C5.9,-0.030204737,4.793087139,-0.692183356,0.506018626,0.663304859
NA,NA,NA,NA,NA,NA
K07A1.6,NA,NA,NA,NA,NA
NA,NA,NA,NA,NA,NA
T16A9.5,0.010159037,2.196216089,0.258022268,0.802103605,0.906559343
F48F5.3,NA,NA,NA,NA,NA
NA,NA,NA,NA,NA,NA
nspa-9,0.28589568,2.373362357,1.865618829,0.09444301,0.193109768
T02D1.7,NA,NA,NA,NA,NA
C41G7.6,-0.199085117,3.421984505,-1.804413213,0.104134141,0.208882987
ZK84.5,-0.135017225,3.080193315,-1.97405074,0.079319086,0.169227048
T24F1.5,0.362699368,9.145180881,0.737947517,0.479056987,0.639159292
R08A2.3,NA,NA,NA,NA,NA
K07A1.5,-0.031627393,2.493785716,-0.366118933,0.722604456,0.847307103
F22D6.7,NA,NA,NA,NA,NA
cnc-7,NA,NA,NA,NA,NA
fipr-24,0.829777079,3.345530427,6.150284539,0.000157896,0.001188049
F36D1.4,-0.1506577,2.261749517,-1.408894894,0.19195379,0.331743643
NA,NA,NA,NA,NA,NA
NA,NA,NA,NA,NA,NA
nspd-2,-0.321279024,4.210110015,-1.84520039,0.097578349,0.198231149
grsp-2,NA,NA,NA,NA,NA
NA,NA,NA,NA,NA,NA
T20G5.8,0.532543693,6.255161609,1.723297819,0.118400827,0.2312292
fbxa-139,NA,NA,NA,NA,NA
NA,NA,NA,NA,NA,NA
C04C3.4,0.058016846,4.25941511,0.871333899,0.405868713,0.567187655
H25K10.4,NA,NA,NA,NA,NA
F39E9.7,0.215629491,2.426136957,2.198471641,0.055022094,0.126539745
nspd-7,0.021063599,4.149029314,0.185269447,0.857062388,0.945415459
Y20C6A.3,0.048539831,2.311450197,0.963919791,0.359885743,0.520156735
cya-2,0,2.194618062,0,1,1
vps-32.2,0.03299978,2.712150582,0.744107347,0.475499068,0.636215328
W04E12.3,NA,NA,NA,NA,NA
C31H5.4,2.624489121,10.0026609,15.04080715,9.28E-08,5.95E-06
W06G6.9,NA,NA,NA,NA,NA
ZK666.4,0.088652795,2.394089824,1.116412669,0.292723843,0.451308017
NA,NA,NA,NA,NA,NA
F38C2.1,NA,NA,NA,NA,NA
F26F2.4,NA,NA,NA,NA,NA
C47A4.5,NA,NA,NA,NA,NA
C01B9.1,-0.645919403,6.890863998,-1.803695709,0.104253049,0.209083903
K06A4.6,0.171158311,3.480194659,1.041429767,0.32442935,0.4848288
nspc-20,0.088076268,12.66887276,0.170383653,0.868419086,0.952760312
NA,NA,NA,NA,NA,NA
R102.5,NA,NA,NA,NA,NA
F56H9.2,1.679741824,12.53088713,6.995522649,5.87E-05,0.000542268
F26F2.2,NA,NA,NA,NA,NA
ZK666.2,0.170794675,2.761832926,1.66641996,0.129450961,0.247654736
F26F2.5,-0.283887695,2.497748489,-2.250993916,0.050476146,0.118110312
"dnj-25, srxa-1",NA,NA,NA,NA,NA
NA,NA,NA,NA,NA,NA
Y44A6D.1,4.44E-16,2.18159479,1.14E-14,1,1
Y47D3A.5,NA,NA,NA,NA,NA
Y51H4A.6,NA,NA,NA,NA,NA
Y19D2B.1,-0.876193772,9.537335053,-5.342991274,0.000442451,0.002654071
F31A9.2,0.417874971,2.315233006,1.428740907,0.186337063,0.324777156
T05H4.10,NA,NA,NA,NA,NA
R04E5.7,0.011244524,2.272807759,0.264227352,0.797464106,0.903452533
fip-2,NA,NA,NA,NA,NA
W02B3.6,1.627447541,5.367633,1.691447376,0.12447777,0.240519288
W09C3.8,NA,NA,NA,NA,NA
H04D03.1,-0.565526962,3.802622263,-2.185232881,0.056229443,0.128798103
B0379.7,NA,NA,NA,NA,NA
W03D8.3,NA,NA,NA,NA,NA
C53B7.6,NA,NA,NA,NA,NA
Y48A6B.8,1.082876257,4.681368403,3.408432118,0.007592208,0.026289405
D2092.8,0.071508972,4.855830873,0.450670194,0.662724344,0.798737843
"Y26D4A.5, Y26D4A.17",NA,NA,NA,NA,NA
Y9D1A.2,0.449624516,6.610385765,1.286962234,0.229731977,0.377521911
NA,NA,NA,NA,NA,NA
NA,NA,NA,NA,NA,NA
T23F11.2,0.006478573,3.073102526,0.091087531,0.929387405,0.989882684
F49E2.5,0.180002506,9.565175717,0.983393071,0.350718535,0.511079569
H11L12.1,NA,NA,NA,NA,NA
F39B3.3,NA,NA,NA,NA,NA
W01H2.2,-0.021375023,2.20342343,-0.466739785,0.651607606,0.789806462
F07E5.4,0.023342708,2.757608022,0.381613225,0.711465614,0.838735561
W05H9.3,0.781788095,7.9973746,3.057032147,0.013391813,0.041329225
C32E8.4,0.020212147,3.736942785,0.125102666,0.903149733,0.975008482
Y40B1B.7,0.747455246,11.22207277,3.85396622,0.0037694,0.014889308
Y26D4A.9,NA,NA,NA,NA,NA
NA,NA,NA,NA,NA,NA
NA,NA,NA,NA,NA,NA
C08E3.1,-0.097265949,12.76107698,-0.365891435,0.722768526,0.847307103
Y9D1A.1,-0.419896015,5.52633273,-1.161985647,0.274673985,0.430600087
F39E9.6,NA,NA,NA,NA,NA
K09C6.7,NA,NA,NA,NA,NA
B0546.5,-0.055815604,2.423272899,-0.350953388,0.733574087,0.855342721
NA,NA,NA,NA,NA,NA
E02H9.4,0.119114708,3.532430435,0.877003492,0.402938873,0.564400544
W02D7.9,0,2.190588184,0,1,1
Y67A6A.1,0,2.236202796,0,1,1
scrm-1,NA,NA,NA,NA,NA
F02C12.3,0.032507177,4.424950717,0.11519667,0.910779483,0.979826341
NA,NA,NA,NA,NA,NA
abu-7,1.122912248,7.822170793,0.797419784,0.445421006,0.606878881
Y43F8B.6,-0.179474428,3.808265718,-1.385601154,0.198731404,0.340554714
abu-6,0.820725016,7.42060555,0.603300815,0.560974245,0.711592917
"nspc-14, nspc-15",NA,NA,NA,NA,NA
C02E7.7,0.720504208,8.413959837,1.447436489,0.181176398,0.318547175
T20D4.9,NA,NA,NA,NA,NA
F44D12.3,NA,NA,NA,NA,NA
T11F9.14,NA,NA,NA,NA,NA
NA,NA,NA,NA,NA,NA
NA,NA,NA,NA,NA,NA
F55C9.11,NA,NA,NA,NA,NA
T24D8.6,0.136257643,3.714984392,1.085344087,0.305554826,0.46521811
F44D12.5,NA,NA,NA,NA,NA
"nspc-13, nspc-12",NA,NA,NA,NA,NA
NA,NA,NA,NA,NA,NA
NA,NA,NA,NA,NA,NA
C18B12.1,NA,NA,NA,NA,NA
C34D4.1,0.10952844,4.011491405,0.541430368,0.60115257,0.746497902
stip-1,NA,NA,NA,NA,NA
C35B1.3,NA,NA,NA,NA,NA
F49F1.3,0,2.609043199,0,1,1
C07D8.3,NA,NA,NA,NA,NA
nlp-31,0.812683989,9.373125884,1.055531623,0.318273405,0.47866645
nspb-12,0.978998085,6.133768075,0.53558246,0.60502797,0.749755241
B0034.2,NA,NA,NA,NA,NA
R12E2.7,1.664577177,5.177342745,1.056679511,0.317776276,0.478319301
C36A4.10,0.417462775,2.390492626,1.58372337,0.147188207,0.273676032
F40G12.7,NA,NA,NA,NA,NA
NA,NA,NA,NA,NA,NA
T22D1.2,0.013649092,3.987303699,0.325886776,0.751844817,0.8693962
NA,NA,NA,NA,NA,NA
C33A12.4,1.29907336,10.34686299,6.244928233,0.000140727,0.001087498
C02E7.6,0.508732318,8.346811289,0.62631238,0.546426158,0.69876079
tag-76,NA,NA,NA,NA,NA
T20D4.8,NA,NA,NA,NA,NA
K02E11.7,-0.825811891,6.405087675,-4.911581939,0.000796474,0.004247691
"nspc-9, nspc-10",NA,NA,NA,NA,NA
Y43F4A.4,-0.040420989,3.622126533,-0.402789179,0.696358624,0.826899141
NA,NA,NA,NA,NA,NA
pqn-5,1.00895742,7.356968305,0.683777948,0.511070819,0.667812659
B0547.2,NA,NA,NA,NA,NA
B0350.3,NA,NA,NA,NA,NA
F53A9.6,1.468375735,11.48557164,3.734668014,0.004535828,0.017333592
R08C7.1,-0.421066449,3.716012791,-2.174404816,0.057236044,0.13046207
NA,NA,NA,NA,NA,NA
T28A11.18,NA,NA,NA,NA,NA
math-26,0.38048541,7.805799585,1.342819915,0.211712106,0.356482699
R09D1.14,NA,NA,NA,NA,NA
Y51B9A.3,-0.015891497,2.392343679,-0.38405104,0.709719536,0.837239982
K07H8.11,NA,NA,NA,NA,NA
F44E7.3,0.162150335,2.877854844,0.977768805,0.353348266,0.513957398
F15A8.1,NA,NA,NA,NA,NA
T24A6.2,NA,NA,NA,NA,NA
NA,NA,NA,NA,NA,NA
nlp-29,1.81455012,11.15041137,2.721518761,0.023224468,0.06398197
Y43F8C.9,NA,NA,NA,NA,NA
D2062.6,NA,NA,NA,NA,NA
C32H11.7,NA,NA,NA,NA,NA
F10C1.1,0.010938488,3.420672688,0.24276906,0.813542752,0.914466894
F47B3.7,NA,NA,NA,NA,NA
nspd-1,-0.11046959,3.308369967,-1.931756164,0.084923891,0.178433836
F07G6.5,NA,NA,NA,NA,NA
F07G6.3,NA,NA,NA,NA,NA
NA,NA,NA,NA,NA,NA
F41G3.1,0.760634657,9.876512301,3.776165296,0.004252112,0.016475134
nlp-30,1.035541563,8.913662181,1.664529671,0.129833815,0.24819835
NA,NA,NA,NA,NA,NA
nlp-27,1.374667023,8.745401989,1.351490404,0.209024703,0.35323489
Y43D4A.3,NA,NA,NA,NA,NA
sdz-37,NA,NA,NA,NA,NA
pqn-36,0.27618624,5.773445947,0.360032505,0.726999079,0.850205508
rig-5,0.572075329,6.779788795,2.988791005,0.014970475,0.045191784
K02F6.1,-0.028550501,2.959684625,-0.252712523,0.806080172,0.909525802
Y65A5A.3,NA,NA,NA,NA,NA
F22F4.4,0.070657559,2.22793882,0.703812774,0.499079561,0.657198086
F27C1.10,NA,NA,NA,NA,NA
K09E3.4,NA,NA,NA,NA,NA
F31E3.6,0.132183089,5.26082826,1.377946812,0.201002782,0.342858224
T23B3.5,-0.116023459,2.212286233,-1.349284821,0.209705565,0.354061818
ilys-5,NA,NA,NA,NA,NA
F08B4.3,-0.289078822,2.884489547,-1.978987618,0.078688208,0.168170464
R13A1.1,-0.078097179,5.646849215,-0.87235092,0.405342059,0.566704348
math-27,0.685362009,5.65220789,2.342628423,0.043409167,0.104918004
T07F10.5,0.097984619,5.473105658,1.496966252,0.168100835,0.302192136
cnc-3,-3.704027814,7.652956977,-5.735645291,0.000265102,0.001770113
NA,NA,NA,NA,NA,NA
atf-7,NA,NA,NA,NA,NA
ZK402.1,0,2.298684398,0,1,1
ZK402.3,0.227990133,4.252742928,0.33736412,0.743458072,0.86263366
ZK402.2,0.048840588,3.160441829,0.189204804,0.854065685,0.943163556
T24A6.1,0.011299591,2.199789569,0.27253559,0.791265228,0.898534836
NA,NA,NA,NA,NA,NA
F52E10.3,-0.068712533,2.203725937,-1.083509538,0.306325943,0.466049865
K12B6.7,NA,NA,NA,NA,NA
NA,NA,NA,NA,NA,NA
B0391.10,NA,NA,NA,NA,NA
nspb-3,-1.139830516,6.272729767,-1.427749667,0.186614196,0.325040935
F47B3.5,NA,NA,NA,NA,NA
K03F8.1,NA,NA,NA,NA,NA
C24A3.8,NA,NA,NA,NA,NA
B0554.1,NA,NA,NA,NA,NA
K10D6.2,NA,NA,NA,NA,NA
C07D8.2,0,2.36420244,0,1,1
T15B7.6,NA,NA,NA,NA,NA
cyp-42A1,NA,NA,NA,NA,NA
F20A1.1,-0.338439721,10.57960832,-1.136060002,0.284830548,0.44277627
nlp-28,2.315746347,9.255612318,6.845432024,6.96E-05,0.000622643
F08F1.9,0.002138647,2.372419103,0.05255297,0.959218382,1
F52E10.4,-0.472970512,6.348753083,-2.700644625,0.024037938,0.065816418
NA,NA,NA,NA,NA,NA
nspa-3,4.242686403,5.078526078,3.35273917,0.008300119,0.028165644
D2024.10,0.293098082,5.910625576,1.703708378,0.122105466,0.237138094
F40E3.3,NA,NA,NA,NA,NA
F53B3.5,NA,NA,NA,NA,NA
math-16,NA,NA,NA,NA,NA
C04F12.6,-0.077939168,3.44134974,-0.716993448,0.491286858,0.649910878
cnc-2,-0.004456669,5.683837234,-0.003510438,0.997274481,1
NA,NA,NA,NA,NA,NA
cnc-1,0.035211591,2.468326405,0.77438369,0.458259609,0.618938454
F46F5.6,0.068138261,2.332594534,0.89610204,0.39317887,0.554819072
NA,NA,NA,NA,NA,NA
pqn-90,0.02782448,2.236152223,0.321926479,0.754746745,0.871949905
pqn-91,-0.009544659,2.306195094,-0.042623712,0.966917806,1
F29C4.4,NA,NA,NA,NA,NA
F20B6.7,-0.186110355,2.819399876,-0.903598168,0.389394237,0.551148681
T16A1.5,NA,NA,NA,NA,NA
M03D4.3,1.561632233,6.972144661,3.02781077,0.014045754,0.042999091
C29F9.4,0.065253284,2.515252648,1.276918455,0.233104243,0.381517788
NA,NA,NA,NA,NA,NA
NA,NA,NA,NA,NA,NA
W05H7.2,-0.00891897,2.273113016,-0.155342629,0.879926601,0.960675454
F29D10.2,-0.1243069,2.214181397,-2.011859451,0.074607648,0.160816383
Y39B6A.30,NA,NA,NA,NA,NA
F18E9.6,1.060113987,4.863050976,1.524828173,0.161115213,0.292885299
F29G6.3,NA,NA,NA,NA,NA
ZC178.1,-0.044373148,2.230210539,-0.821580116,0.432216173,0.593775591
NA,NA,NA,NA,NA,NA
B0554.3,NA,NA,NA,NA,NA
NA,NA,NA,NA,NA,NA
F46F5.9,0.001824804,2.207345367,0.022565827,0.982481405,1
K09C4.2,NA,NA,NA,NA,NA
F07C6.4,NA,NA,NA,NA,NA
Y17G7B.2,NA,NA,NA,NA,NA
F54D12.4,-0.015933218,6.51778843,-0.304416581,0.767625288,0.880965382
NA,NA,NA,NA,NA,NA
math-19,NA,NA,NA,NA,NA
C34G6.3,NA,NA,NA,NA,NA
NA,NA,NA,NA,NA,NA
nspb-10,0.205859726,3.6245892,0.48490664,0.639148478,0.780119776
NA,NA,NA,NA,NA,NA
ZC178.2,NA,NA,NA,NA,NA
col-144,-0.077892558,14.75103967,-0.779670301,0.455291905,0.616386898
F28F5.4,1.113620976,8.940612708,7.055566758,5.49E-05,0.000516995
nspb-11,0.178475879,4.109965099,0.2435111,0.812985155,0.9140358
col-145,-0.349653936,11.73729189,-1.577774867,0.148544469,0.275543123
R07E5.15,0.071720474,3.012203314,1.278654933,0.232518288,0.380905854
K01D12.7,0.003439484,2.441959263,0.020991389,0.983703487,1
math-50,0.011054705,3.795504964,0.194249175,0.850228101,0.940337731
F46F5.8,-0.025891903,2.20279828,-0.606085297,0.559202242,0.710115119
C41D7.1,NA,NA,NA,NA,NA
math-3,0.610317047,8.262407442,1.738308099,0.115632166,0.226879405
Y53F4A.2,0.006621541,5.127719999,0.169602331,0.869016079,0.95308262
F02D10.2,NA,NA,NA,NA,NA
F22D3.5,NA,NA,NA,NA,NA
NA,NA,NA,NA,NA,NA
nspd-4,-0.042293066,3.903426694,-0.562536763,0.587275544,0.734050642
NA,NA,NA,NA,NA,NA
F09C11.1,NA,NA,NA,NA,NA
K08H10.2,NA,NA,NA,NA,NA
F39F10.4,0.028535071,2.493829071,0.207087852,0.840479843,0.933594228
NA,NA,NA,NA,NA,NA
C46H11.1,0.027867452,4.273180114,0.237268727,0.817679348,0.917438782
Y17G7B.2,0.033932784,7.569097095,0.168951483,0.869513445,0.953295478
H12I13.3,NA,NA,NA,NA,NA
NA,NA,NA,NA,NA,NA
NA,NA,NA,NA,NA,NA
R12E2.15,1.149202056,7.615646351,1.300185729,0.225354111,0.372225071
NA,NA,NA,NA,NA,NA
F07G11.2,NA,NA,NA,NA,NA
NA,NA,NA,NA,NA,NA
F19B10.3,NA,NA,NA,NA,NA
F23C8.12,NA,NA,NA,NA,NA
W08E12.3,1.348155205,5.907916001,0.99654839,0.344624319,0.504873582
npl-4.1,-0.3457226,8.856097271,-3.749246292,0.004433951,0.017063994
NA,NA,NA,NA,NA,NA
E03H12.5,-0.080800134,2.287507427,-1.223517708,0.2517282,0.404211834
shc-1,NA,NA,NA,NA,NA
F07G11.7,NA,NA,NA,NA,NA
NA,NA,NA,NA,NA,NA
Y17G9B.6,NA,NA,NA,NA,NA
NA,NA,NA,NA,NA,NA
R08C7.11,NA,NA,NA,NA,NA
C54A12.3,0.05161006,2.418454843,0.689728131,0.507491188,0.664350672
ubl-5,-0.921253028,9.379606668,-3.300203283,0.009030964,0.030062564
W08A12.2,1.365845792,8.213319033,8.566222313,1.15E-05,0.000158602
Y39G8B.1,NA,NA,NA,NA,NA
Y39G8B.1,-0.184625209,9.196585512,-1.195812547,0.261859733,0.417124341
Y73F8A.32,-0.009937997,2.278566526,-0.229178482,0.823774507,0.92212579
F52F10.1,NA,NA,NA,NA,NA
mdt-8,-0.470220858,8.122895327,-4.738994107,0.001015248,0.005161633
Y47H9C.12,-0.08193577,2.259215814,-1.194807251,0.262233483,0.417508114
NA,NA,NA,NA,NA,NA
NA,NA,NA,NA,NA,NA
NA,NA,NA,NA,NA,NA
ect-2,-0.361775037,4.048406862,-2.634327533,0.026818225,0.071802714
mps-2,NA,NA,NA,NA,NA
nspd-6,-0.057089969,2.616881988,-1.185425434,0.26574227,0.421068376
R01B10.2,NA,NA,NA,NA,NA
NA,NA,NA,NA,NA,NA
srw-141,NA,NA,NA,NA,NA
Y46H3C.5,-0.070098984,3.697811575,-0.399765633,0.698507211,0.828160378
ZC239.13,4.44E-16,2.471591281,6.86E-15,1,1
Y105C5B.3,NA,NA,NA,NA,NA
T13A10.1,-0.038164588,2.319102519,-0.406264062,0.69389283,0.825306456
W03F9.2,NA,NA,NA,NA,NA
NA,NA,NA,NA,NA,NA
Y45F10B.3,NA,NA,NA,NA,NA
srw-142,NA,NA,NA,NA,NA
F49C12.11,NA,NA,NA,NA,NA
twk-17,NA,NA,NA,NA,NA
mps-2,-0.388961128,10.86485407,-3.468505549,0.006898741,0.024335543
C47C12.2,NA,NA,NA,NA,NA
F35F10.4,0.629674449,3.783025923,3.864553294,0.003708322,0.014690616
NA,NA,NA,NA,NA,NA
W08E12.4,1.070660756,6.955491913,0.745071746,0.474943571,0.635871102
nspd-5,-8.88E-16,2.620570344,-1.04E-14,1,1
R12E2.14,1.765054742,7.212850976,1.624252701,0.138238898,0.26109023
H39E20.1,NA,NA,NA,NA,NA
W08E12.9,NA,NA,NA,NA,NA
H11L12.1,-0.045752183,2.278807233,-0.334821454,0.745313028,0.863988632
R10A10.1,NA,NA,NA,NA,NA
pqn-78,0.011513977,2.246822957,0.113293138,0.912246743,0.980314384
NA,NA,NA,NA,NA,NA
C24H10.4,NA,NA,NA,NA,NA
K01D12.15,-4.44E-16,2.228386658,-1.14E-14,1,1
NA,NA,NA,NA,NA,NA
NA,NA,NA,NA,NA,NA
C33H5.17,0.751286115,6.958487847,3.986735982,0.003074459,0.012657227
Y54C5A.1,NA,NA,NA,NA,NA
NA,NA,NA,NA,NA,NA
NA,NA,NA,NA,NA,NA
NA,NA,NA,NA,NA,NA
NA,NA,NA,NA,NA,NA
F26A10.1,1.008046185,8.730558025,3.608768688,0.005525075,0.020329752
C08E3.13,-0.012587493,12.79594266,-0.051125209,0.960325254,1
Y17G9B.2,0.155451611,2.458978429,1.133844431,0.285712148,0.44370786
NA,NA,NA,NA,NA,NA
Y43F8B.2,NA,NA,NA,NA,NA
nspd-3,NA,NA,NA,NA,NA
Y51A2D.14,0.365341595,10.70393424,2.043337848,0.070889816,0.154283824
H12I19.5,NA,NA,NA,NA,NA
"nhr-101, pms-2",NA,NA,NA,NA,NA
pqn-79,-0.102344165,3.324273581,-1.237745161,0.246650864,0.39793538
ZC395.11,4.44E-16,2.193784663,8.71E-15,1,1
C13A2.10,NA,NA,NA,NA,NA
F36H12.5,NA,NA,NA,NA,NA
npl-4.2,-0.380634608,9.049876429,-2.597730864,0.028488926,0.07536109
Y43F8B.2,NA,NA,NA,NA,NA
F59E12.6,-0.619914264,9.205662404,-2.066404313,0.068278759,0.149741643
F33D11.8,0.849545268,6.777900109,3.664910034,0.005058544,0.018844764
NA,NA,NA,NA,NA,NA
Y39A1A.24,0.817854815,7.751463552,9.997308802,3.18E-06,6.38E-05
fbxa-24,3.430774484,9.356164195,11.45265737,9.99E-07,2.86E-05
NA,NA,NA,NA,NA,NA
pqn-76,0.077167009,2.445738611,0.765938474,0.463026724,0.623702057
C56E10.3,0.177447046,2.33395547,0.89098007,0.395779802,0.557425726
abu-8,1.502540185,8.129220928,0.976615958,0.353889099,0.514505972
flp-21,1.194888261,7.505658737,3.746686213,0.004451666,0.017109502
fbxa-67,0.999013096,9.847469096,6.741012622,7.84E-05,0.000685939
C17H11.4,NA,NA,NA,NA,NA
C29F9.12,-0.085054695,3.553658578,-0.461742356,0.655055228,0.793105116
T20D4.16,0.134833447,2.284238014,1.407903569,0.192238132,0.332052485
NA,NA,NA,NA,NA,NA
fbxa-60,2.000457843,5.173004406,3.251765987,0.009764061,0.032028056
nspb-3,NA,NA,NA,NA,NA
fbxa-58,0.514256467,4.04425458,1.585343,0.146820852,0.273156909
F36H12.4,NA,NA,NA,NA,NA
C52B11.4,-0.220951643,3.918268247,-1.355784378,0.207704527,0.351476315
F23H11.5,-0.052504208,12.14367989,-0.663210062,0.523562758,0.678494595
fbxa-57,0.13873505,4.388906492,1.173450718,0.270275628,0.426477845
math-9,0.105466123,2.204181016,1.318222368,0.219495351,0.365601427
B0393.8,0.981258841,10.19695486,6.084485171,0.000171169,0.001262977
Y87G2A.12,NA,NA,NA,NA,NA
Y73C8C.3,NA,NA,NA,NA,NA
abu-5,0.188482738,2.257893214,2.320156484,0.045046569,0.107900651
Y59E9AL.6,NA,NA,NA,NA,NA
ddl-3,-1.090486893,8.447997262,-7.364661499,3.92E-05,0.000399967
NA,NA,NA,NA,NA,NA
ZK1127.7,NA,NA,NA,NA,NA
ZC239.14,NA,NA,NA,NA,NA
Y24F12A.3,0.053084748,5.62506591,0.346878801,0.736532362,0.857733231
F55C12.2,NA,NA,NA,NA,NA
lsm-3,-1.067828305,9.490612788,-18.47631467,1.49E-08,2.38E-06
C36A4.4,NA,NA,NA,NA,NA
cyb-2.2,NA,NA,NA,NA,NA
Y116A8C.40,1.116184484,3.578797762,1.775200905,0.109078317,0.21655482
H06I04.3,-2.289601391,9.674373915,-12.67161151,4.17E-07,1.53E-05
his-50,0.043451907,6.061150264,0.194228665,0.850243695,0.940337731
NA,NA,NA,NA,NA,NA
Y105C5B.12,-1.051059386,10.20510271,-5.914165539,0.000211498,0.00148391
Y46G5A.22,NA,NA,NA,NA,NA
W04E12.7,0.312959554,4.877451674,1.094005824,0.301934371,0.461658865
Y105C5A.10,NA,NA,NA,NA,NA
Y38E10A.12,1.961690481,4.949103517,2.62278833,0.027334095,0.072955812
nlp-36,-0.414049486,10.91764927,-5.293141703,0.000472907,0.002790174
NA,NA,NA,NA,NA,NA
Y105C5A.12,0.196853816,11.93649537,0.647549363,0.533196263,0.687224665
Y38E10A.16,0.91003146,5.692725187,0.640777933,0.537393964,0.690958254
Y59E9AR.7,-0.000129634,4.740004168,-0.000595618,0.999537559,1
C35D10.11,NA,NA,NA,NA,NA
Y25C1A.7,NA,NA,NA,NA,NA
Y38E10A.11,1.841154471,4.252255181,2.33474205,0.043977016,0.10607267
NA,NA,NA,NA,NA,NA
F36H12.13,NA,NA,NA,NA,NA
Y38E10A.15,4.574669799,7.551186427,2.96474359,0.015571254,0.046657188
F35F10.14,0,2.181233287,0,1,1
F56B3.11,-0.719401202,10.64116445,-2.830420578,0.019411243,0.055556011
NA,NA,NA,NA,NA,NA
NA,NA,NA,NA,NA,NA
NA,NA,NA,NA,NA,NA
his-21,-0.391088573,10.39360538,-3.420501643,0.007447263,0.025873013
NA,NA,NA,NA,NA,NA
Y55F3AM.3,NA,NA,NA,NA,NA
T19C3.3,0.257015376,3.624327624,2.219448625,0.053160512,0.123182292
C28F5.2,NA,NA,NA,NA,NA
NA,NA,NA,NA,NA,NA
his-17,0.372765423,10.19696818,2.973658134,0.01534571,0.046114152
F54F2.6,-0.048067272,2.869843126,-0.283358865,0.783213051,0.892534913
his-61,-0.361689321,8.326040517,-2.192532623,0.055560571,0.127638052
his-18,-0.109762716,4.487933477,-0.600324302,0.562871967,0.713478097
C03C10.5,0.003725664,2.241070572,0.021203531,0.983538819,1
C02B8.7,-0.00222186,4.421081571,-0.011158984,0.991336297,1
C28H8.2,2.021360047,4.257035347,7.103698152,5.21E-05,0.000497933
Y71F9B.13,1.750189931,9.587354066,6.362029713,0.000122238,0.00096904
F47B7.1,-0.178294074,11.47854178,-0.845221016,0.419554658,0.581273909
Y71F9B.13,NA,NA,NA,NA,NA
C03B8.2,0.070775703,3.377830311,0.711667969,0.49442616,0.652579113
C03B8.1,0,2.215914523,0,1,1
T23F2.5,0.219094027,9.667691309,0.654959895,0.528624699,0.683377316
Y38E10A.24,-0.367922047,10.44582442,-1.872641128,0.093386669,0.191510454
his-31,-0.254413256,3.453945824,-1.779861696,0.108275184,0.215164199
Y57G11C.21,0.235858028,3.35785849,0.737323246,0.479418514,0.639478992
Y57G11C.20,1.157380728,5.368265892,3.001352075,0.014666163,0.04448677
Y57G11C.18,NA,NA,NA,NA,NA
ZC190.9,NA,NA,NA,NA,NA
pqn-72,0.835669439,6.404612883,2.351186036,0.042801159,0.103758609
pqn-72,NA,NA,NA,NA,NA
Y39A3CL.3,-1.066043458,10.77111874,-7.379083413,3.86E-05,0.00039597
ssp-10,0.055812197,2.226858486,0.612721307,0.554992046,0.705623926
rrf-1,NA,NA,NA,NA,NA
his-38,-0.16136045,5.827672566,-1.076266667,0.309385091,0.469001537
NA,NA,NA,NA,NA,NA
vit-3,NA,NA,NA,NA,NA
NA,NA,NA,NA,NA,NA
hil-7,NA,NA,NA,NA,NA
NA,NA,NA,NA,NA,NA
NA,NA,NA,NA,NA,NA
ksr-1,NA,NA,NA,NA,NA
his-46,0.094811642,6.003245492,0.511744092,0.620959964,0.764599905
B0361.2,NA,NA,NA,NA,NA
D2092.1,NA,NA,NA,NA,NA
ZC155.4,NA,NA,NA,NA,NA
NA,NA,NA,NA,NA,NA
F23F12.8,NA,NA,NA,NA,NA
his-20,-0.186493246,6.841132998,-1.024847835,0.331783495,0.492276677
F12A10.7,0.519645352,4.090997301,1.325699772,0.217104249,0.363033878
msp-74,-8.88E-16,2.558668592,-2.29E-14,1,1
F21H12.2,NA,NA,NA,NA,NA
NA,NA,NA,NA,NA,NA
F12A10.6,NA,NA,NA,NA,NA
T28D9.11,NA,NA,NA,NA,NA
C50F4.6,-0.804839166,8.439440289,-3.587855054,0.005710218,0.020894811
F22D6.7,NA,NA,NA,NA,NA
T22C1.2,NA,NA,NA,NA,NA
ssq-3,NA,NA,NA,NA,NA
vit-5,NA,NA,NA,NA,NA
gpd-3,0.727414333,12.82589025,9.209751295,6.34E-06,0.00010199
col-119,0.249350754,12.0718583,1.393625476,0.196373833,0.337358697
ZK1127.7,-0.993143935,3.747870138,-3.81400507,0.004009675,0.015714977
col-157,0.187762782,12.13843832,1.051913341,0.319844316,0.479995534
col-125,0.080737358,15.14225698,0.530482001,0.608418718,0.753066405
his-62,0.02595878,5.192881136,0.135088665,0.895468958,0.970078512
col-160,NA,NA,NA,NA,NA
ssp-9,NA,NA,NA,NA,NA
col-159,0.535561246,13.00566027,2.361212874,0.042099442,0.102503588
F53F1.4,-3.813090623,9.687044376,-2.840157044,0.019102933,0.054841111
tat-4,NA,NA,NA,NA,NA
NA,NA,NA,NA,NA,NA
col-147,0.289949333,14.01580554,1.326851615,0.216737871,0.362662397
col-146,0.271779231,13.27535045,1.424564526,0.187507117,0.326301312
F59F5.4,0.082385062,2.265652567,1.309191648,0.222412603,0.368917369
W02B3.6,NA,NA,NA,NA,NA
"nspc-13, nspc-12",NA,NA,NA,NA,NA
msp-31,0.038771162,4.060020582,0.456796245,0.65847595,0.795523986
"nspc-14, nspc-15",NA,NA,NA,NA,NA
"nspc-9, nspc-10",NA,NA,NA,NA,NA
slo-2,0.197893792,7.712044083,0.71140526,0.494581348,0.652684286
ZC178.1,NA,NA,NA,NA,NA
ssp-31,NA,NA,NA,NA,NA
plc-1,0.67960266,8.565897298,3.487492089,0.006693584,0.023753439
ced-10,-0.138450698,3.727365215,-1.585690509,0.146742139,0.273139864
nhr-59,NA,NA,NA,NA,NA
col-10,-0.297841533,14.56965971,-2.6804746,0.024851314,0.067441307
msp-33,-0.018994383,2.269851514,-0.476641597,0.644802319,0.78473522
msp-32,NA,NA,NA,NA,NA
col-154,0.207573532,13.59802044,1.191894297,0.263318897,0.41849431
NA,NA,NA,NA,NA,NA
gpr-2,-2.172921224,6.815805703,-12.43633462,4.90E-07,1.72E-05
